Brand Name,Product Name,Product Rating,Review Count,Product Price
OQQ,Women's 2 Piece Crop Tops Long Sleeve Square Neck Underscrubs Stretch Fitted Layer Tee Shirts Tops,4.5,13,42.
SOLY HUX,Women's Flare Leggings High Waisted Sweatpants Bell Bottoms Bootcut Yoga Pants,3.0,58,42.
OQQ,Women's 3 Piece Tank Tops Ribbed Seamless Workout Exercise Shirts Yoga Crop Tops,4.3,"4,609",34.
Trendy Queen,Women's Turtleneck Long Sleeve Shirts Fall Fashion Basic Layering Slim Fit Soft Thermal Underwear Tops,4.4,"1,405",25.
Porvike,Sports Crop Tank Tops for Women Cropped Workout Tops Racerback Running Yoga Tanks Cotton Sleeveless Gym Shirts 3 Pack,4.4,"7,749",23.
THE GYM PEOPLE,Womens' Sports Bra Longline Wirefree Padded with Medium Support,4.4,"36,878",25.
SUUKSESS,"Women Cross Workout Shorts with Pockets 5"" High Waist Booty Biker Short",4.3,"7,995",19.
AJISAI,Women's Joggers Pants Drawstring Running Sweatpants with Pockets Lounge Wear,4.5,"9,286",20.
Blaosn,Flowy Athletic Shorts for Women Gym Yoga Workout Running Biker Spandex Butterfly Tennis Skirts Cute Clothes Summer,4.4,"5,060",22.
ANRABESS,Women Long Sleeve Shirt V Neck Off Shoulder Oversized Knit Pullover Sweatshirt Loose High Low Fall Tunic Tops,4.7,34,18.
Trendy Queen,Womens Oversized Hoodies Fleece Sweatshirts Long Sleeve Sweaters Pullover Fall Clothes with Pocket,4.6,287,31.
OQQ,Women's 2 Piece Crop Top Ribbed Seamless Workout Exercise Long Sleeve Crop Tops,4.5,"3,228",24.
AUTOMET,Jumpsuits for Women Casual Summer Rompers Sleeveless Loose Spaghetti Strap Baggy Overalls Jumpers with Pockets 2023,4.5,"2,958",29.
OQQ,Women's 3 Piece Bodysuits Sexy Ribbed Sleeveless Adjustable Spaghetti Strips Shapewear Tops Bodysuits,4.3,209,35.
EFAN,Women's Cute Hoodies Teen Girl Fall Jacket Oversized Sweatshirts Casual Drawstring Zip Up Y2K Hoodie with Pocket,4.4,"5,285",28.
SAUKOLE,Womens Sweaters Casual Zipper Neck Knit Tops Batwing Sleeve Oversized Sweatshirt Stripes Pullover Sweater Side Split,4.6,147,32.
Sunzel,"Nunaked Crossover Biker Shorts for Women, No Front Seam V High Waist Yoga Workout Gym Shorts with Tummy Control",4.4,"1,013",28.
Amazon Essentials,"Women's Slim-Fit Tank, Pack of 2",4.6,"53,715",29.
Amazon Essentials,"Women's Slim-Fit Thin Strap Tank, Pack of 2",4.5,"11,230",31.
Amazon Essentials,Women's Tank Maxi Dress,4.2,"6,093",23.
Amazon Essentials,"Women's Classic-Fit 100% Cotton Sleeveless Tank Top, Pack of 2",4.1,"3,382",14.
Amazon Essentials,Women's Soft Cotton Standard-Fit Yoga Tank (Available in Plus Size) (Previously Core 10),4.3,"2,597",17.
OQQ,Women Yoga Rompers Workout Ribbed Square Neck Sleeveless Sport Romper,4.2,"2,011",26.
EFAN,Womens Sweat Shorts Summer Casual Comfy High Waisted Lounge Shorts Drawstring Cotton Shorts with Pockets 2023,4.0,901,19.
CERYIWER,Womens Sleeveless Y2k Sexy Crop Tank Top Pleated Bustier Strappy Slits Cropped Cami,3.9,22,22.
Blaosn,Flowy Athletic Shorts for Women Gym Yoga Workout Running Biker Spandex Butterfly Tennis Skirts Cute Clothes Summer,4.4,"5,060",20.
LILLUSORY,Women's Wide Leg Sweatpants 2023 Fall Casual High Wasited Pants,4.3,29,16.
niyokki,Womens Tank Tops Workout Ribbed Crop Tops for Women,3.8,6,15.
Esobo,Women's Crossover High Waisted Bootcut Yoga Pants Flutter Leggings Front Split Flare Leg Workout Pants Work Pants Dress Pants,4.1,965,24.
FOMOYUU,Women's Slim Fit Going Out Crop Tops Casual Solid Color Crew Neck Long Sleeve Tight Tee Shirt Basic Streetwear,3.7,393,33.
NTAKN,Sports Bras for Women Padded Strappy Criss Cross Cropped Bras for Yoga Workout Fitness Running Gym Low Impact Top,4.4,182,25.
Trendy Queen,Womens Sweatshirt Fall Clothes 2022 Lantern Sleeve Drop Shoulder Pullover Hoodies Button Fashion Y2K Outfits,4.2,350,21.
OQQ,Women's 3 Piece Crop Tank Tops Ribbed Seamless Workout Sleeveless Shirts Racerback Crop Tops,4.6,534,16.
LILLUSORY,2 Piece Outfits For Women 2023 Casual Trendy Slim Fit Hooded Sweater Lounge Sets,3.8,57,27.
Trendy Queen,Womens Oversized Sweatshirts Turtleneck Pullover Long Sleeve Hoodies Tops Fall Outfits 2023 Clothes,4.3,76,29.
SUUKSESS,"Women Cross Workout Shorts with Pockets 5"" High Waist Booty Biker Short",4.3,"7,995",23.
YIOIOIO,Women Workout Seamless Jumpsuit Yoga Ribbed Bodycon One Piece Spaghetti Strap Shorts Romper,4.7,671,39.
SENSERISE,"Womens V Neck Waffle Knit Tops Long Sleeve Shirts Oversized Sweater Pullover(Dark Blue,2XL)",2.0,2,35.
Usweetie,Women's Y2K Spaghetti Strap Tank Tops for Going Out,3.2,7,18.
Origiwish,Women's High Waisted Running Shorts with Liner Quick Dry Athletic Workout Shorts Zipper Pockets,4.3,"1,842",13.
OQQ,Women Yoga Rompers Workout Ribbed Short Sleeve Sport Romper,4.4,"1,252",16.
Sunzel,"Flare Leggings, Crossover Yoga Pants with Tummy Control, High-Waisted and Wide Leg",4.4,"8,281",16.
Dokotoo,Women's Casual 3/4 Sleeve Loose Tunic Tops Lightweight Knit Fall Pulover Sweater Blouses,4.1,679,22.
PGANDS,Women's Casual Long Sleeve Half Zip Up Sweatshirt Hoodies Lapel Plain Stylish Loose Pullover Tops for Leggings,4.1,335,19.
OFEEFAN,Womens Tunic Tops Long Sleeve Shirts Crew Neck Sweatshirts Curved Hem,4.5,38,27.
OQQ,Women's 2 Piece Yoga Leggings Ribbed Seamless Workout High Waist Athletic Pants,4.3,"3,820",26.
Cioatin,Women Y2K Cute Sweetheart Neck Going Out Crop Tops Sleeveless Bustier Skinny Fit Summer Crop Tank Cami Trendy,4.3,20,28.
ODODOS,"Women's Cross Waist 7/8 Yoga Leggings with Inner Pocket, 21""/25""/28"" Gathered Crossover Workout Yoga Pants",4.4,"11,054",27.
ODODOS,Women's Sweat Shorts with Pockets Cotton French Terry Drawstring Summer Workout Casual Lounge Shorts,4.4,586,28.
OQQ,3 Piece for Women Yoga Shorts Workout Athletic Seamless High Wasit Gym Leggings,4.4,"16,292",19.
Laite Hebe,3 Pack Leggings for Women-No See-Through High Waisted Tummy Control Yoga Pants Workout Running Legging,4.3,"12,504",23.
Trendy Queen,Womens Oversized Sweatshirts Hoodies Half Zip Pullover Fall Fashion Outfits 2023 Y2k Clothes,4.4,"5,258",23.
AUTOMET,Womens Sweatshirts Half Zip Cropped Pullover Fleece Quarter Zipper Hoodies Fall outfits Clothes Thumb Hole,4.6,150,24.
Lviefent,Womens Lightweight Full Zip Running Track Jacket Workout Slim Fit Yoga Sportwear with Thumb Holes,4.4,"5,947",22.
Gvraslvet,Cinch Bottom Sweatpants for Women with Pockets,4.3,"6,484",34.
Mioliknya,Y2K Women Cute Crop Top Spaghetti Strap Sleeveless Camisole Backless Tie Up Vest Sexy Summer Blouse,3.7,71,34.
Amazhiyu,Women Cropped Sweatshirt Long Sleeves Pullover Fleece Crop Tops,4.1,"5,583",23.
REORIA,Women's Sexy Henley V Neck Button Down Short Sleeve Going Out Y2K Ribbed Tshirts Crop Tops,4.4,113,29.
Dokotoo,Women's Basic Scoop Neck Low Cut Solid Sexy Button Down Short Sleeve T Shirts,4.4,"1,613",16.
OQQ,Women's 2 Piece Bodysuits Sexy Ribbed One Piece Square Neck Short Sleeve Bodysuits,4.4,"1,115",23.
EFAN,Womens Cut Out Twist Knot Front Tube Tops Bandeau Ribbed Knit Y2K Sexy Strapless Crop Tank Bustier Corset Top,4.0,571,19.
ATHMILE,Oversized Sweatshirt for Women Crewneck Fleece Long Sleeve Pullover Hoodies Tops Fall Fashion Outfits Clothes 2023,4.7,70,25.
Trendy Queen,Womens Sweat Shorts Casual Summer Comfy Lounge Athletic Shorts Elastic Cotton Running Shorts,4.3,"2,100",25.
QINSEN,Women's Sexy Square Neck Bodysuit Long Sleeve Double Lined Shirt Tops,4.5,50,19.
MANGOPOP,Women's Square Neck Sleeveless Long Sleeve Tank Tops Tie Shoulder Mesh Bodysuits Jumpsuits Clubwear,4.2,193,22.
AUTOMET,Sweat Shorts Womens Casual Athletic High Waisted Shorts Comfy Lounge Workout Shorts Summer Baggy Shorts with Pockets,4.1,183,19.
WYNNQUE,Womens Quarter Zip Pullover Cropped Hoodies Long Sleeve Fleece Half Zip Sweatshirts Fall Outfits Clothes,4.6,37,28.
QSXLTS,Womens Halloween Crewneck Sweatshirts Pocket T Shirts Pumpkin Print Long Sleeve Blouse Pullover Top for Party,3.5,2,22.
SHEWIN,Sweatshirts for Women Crewneck Fall Lightweight Solid Color 2023 Fashion Warm Oversized Fit Pullover Sweatshirts,4.0,253,23.
ETCYY,Womens Summer Tops 2023 Casual Dressy Short Cap Sleeve Shirts Pleated Fashion Floral Print Chic Hollow Loose Fit Cute Tops,4.1,304,32.
Dokotoo,Fall Sweaters Round Neck Crochet Hollow Out Cute Winter Pullover Sweaters for Women Trendy 2023,4.5,36,7.
VOYJOY,"Women Workout Shorts 3.6"" Scrunch Butt Lifting Gym Shorts Seamless Yoga Biker Shorts",4.5,539,26.
SUUKSESS,"Women Cross Workout Shorts with Pockets 5"" High Waist Booty Biker Short",4.3,"7,995",23.
Blaosn,Flowy Athletic Shorts for Women Gym Yoga Workout Running Biker Spandex Butterfly Tennis Skirts Cute Clothes Summer,4.4,"5,060",25.
THE GYM PEOPLE,Womens' Sports Bra Longline Wirefree Padded with Medium Support,4.4,"36,878",22.
Porvike,Sports Crop Tank Tops for Women Cropped Workout Tops Racerback Running Yoga Tanks Cotton Sleeveless Gym Shirts 3 Pack,4.4,"7,749",18.
Fishat,"Fishat Simple Standard Double Rod Clothing Metal Garment Rack for Hanging Clothes, Rolling Clothes Organizer on Lockable Wheels (White)",4.3,"1,314",24.
THE GYM PEOPLE,Womens' V Cross Waist Workout Leggings with Tummy Control and Pockets,4.3,964,22.
BWQ,Womens Crew Neck Sweaters Long Sleeve Crochet Textured Knit Sweater,4.4,8,20.
YTD,Mens Casual Slim Fit Basic Henley Long Sleeve Fashion T-Shirt,4.3,"9,457",34.
Dokotoo,Pants for Women Casual Elastic Waist Wide Leg Pants with Pockets,4.0,648,39.
Gvraslvet,Cinch Bottom Sweatpants for Women with Pockets,4.3,"6,484",39.
QSXLTS,Womens Halloween Crewneck Sweatshirts Pocket T Shirts Pumpkin Print Long Sleeve Blouse Pullover Top for Party,3.5,2,37.
SuperPrity,Women Sweater Set 2 or 3 Piece Outfits Short/Long Sleeve Knit Pullover Tops High Waist Wide Leg Pants Lounge Sets,4.3,76,21.
ZHENWEI,Crop Workout Tops for Women Pack Summer Short Sleeve Gym Athletic Compression Shirts Cute Tight Basic Tops Tee,4.3,201,35.
ANRABESS,Women 2 Piece Outfits Sweatsuit Oversized Sweatshirt & Lounge Shorts 2023 Casual Cozy Pajamas Tracksuit Set,4.5,132,24.
THE GYM PEOPLE,Womens' Half Zip Pullover Fleece Stand Collar Crop Sweatshirt with Pockets Thumb Hole,4.5,740,35.
THE GYM PEOPLE,Womens' Sports Bra Longline Wirefree Padded with Medium Support,4.4,"36,878",29.
SHEWIN,Sweatshirts for Women Crewneck Fall Lightweight Solid Color 2023 Fashion Warm Oversized Fit Pullover Sweatshirts,4.0,253,7.
ATHMILE,Oversized Sweatshirt for Women Crewneck Fleece Long Sleeve Pullover Hoodies Tops Fall Fashion Outfits Clothes 2023,4.7,70,49.
Trendy Queen,Womens Sweat Shorts Casual Summer Comfy Lounge Athletic Shorts Elastic Cotton Running Shorts,4.3,"2,100",24.
Dokotoo,Fall Sweaters Round Neck Crochet Hollow Out Cute Winter Pullover Sweaters for Women Trendy 2023,4.5,36,39.
PRETTYGARDEN,Women's 2023 Fall 2 Piece Outfits Sweatsuits Hoodie Sweatshirt And Lounge Shorts Tracksuit Sets,4.1,12,38.
Trendy Queen,Womens Tracksuits Summer 2 Piece Outfits Short Sets Sleeveless Two Piece Lounge High Waisted Shorts with Pockets,4.1,818,22.
Simple Trending,"Simple Trending Double Rod Clothes Garment Rack, Heavy Duty Clothing Rolling Rack on Wheels for Hanging Clothes,with 4 Hooks, Gold",4.4,"1,602",26.
FABFEGU,Women's Pants Sweatpants Women Colorblocking Work Business Casual High Waisted Dress Pants Flowy Trousers Office,5.0,1,22.
REORIA,Women’s Sexy Casual V Neck Short Sleeve Double Lined Tight T Shirts Crop Tops Tees,4.6,122,19.
OQQ,Women's 2 Piece Yoga Pants Ribbed Seamless Workout High Waist Bell Bottoms Flare Leggings,4.2,63,25.
SweatyRocks,Women's Sexy Strappy Crop Top Striped Print Ribbed Knit Cami Top,3.6,967,38.
Kole Meego,Crop Tops for Women Workout Cropped Tank Top High Neck Camisole Yoga Shirts Athletic Undershirts 4 Pack,4.4,"1,922",20.
ODODOS,2-Pack Seamless Henley Crop for Women Open Back Ribbed Tank Button-up Cropped Top,4.4,63,45.
NUFIWI,Women Lace Trim Strapless Tube Top Y2k Off Shoulder Backless Bandeau Top Knitted Aesthetic Crop Tank Top,3.4,46,14.
OQQ,Women's Yoga Rompers Sexy One Piece Spaghetti Strap Tummy Control Padded Sports Bra JumpSuits,4.2,"5,766",19.
SOLY HUX,Women's Letter Graphic Print Hoodie Casual Long Sleeve Drawstring Pocket Pullover Top Sweatshirt,3.9,"1,686",36.
SOLY HUX,Women's Casual Elastic Shorts Running High Waisted Color Block Sweat Shorts with Pockets,4.2,"1,347",19.
Pinspark,Women's Fleece Lined Sweatpants 2023 Winter Joggers Athletic Pants Casual Thick Warm Trousers Pockets,4.5,17,27.
GRAPENT,Womens Flare Jeans High Waisted Wide Leg Baggy Jean for Women Stretch Denim Pants,4.1,"2,136",32.
Disamer,Fall Sweaters for Women 2023 Long Sleeve Striped Oversized Sweaters Trendy Casual Crew Neck Knitted Tops Pullover Jumper,4.4,20,13.
Okiwam,Women's Long Sleeve Cropped Knit Sweater Tie Front Crew Neck Solid Color Ribbed Pullover 2023 Casual Tops Jumper,4.3,167,22.
Aifer,Womens Blouses Dressy Casual Tops V Neck Ruffle Balloon Long Sleeve Shirts Elegant Business Casual Outifts,4.4,28,33.
Kissfix,Women's Long Sleeve Shirts Casual Fall Henley Top Button Down Blouses Basic Ribbed Knit T Shirts,4.2,"6,768",21.
xatos,Women Hoodies Basic Lightweight Pullover Hoodies Teen Girls Crop Tops Long Sleeve Zip-Up Sweatshirt with Pocket,3.5,"1,019",32.
BTFBM,Women's Sweaters Casual Long Sleeve Button Down Crew Neck Ruffle Knit Pullover Sweater Tops Solid Color Striped,4.1,"4,384",41.
AUTOMET,Womens Quarter Zip Pullover Oversized Long Sleeve Sweatshirt Half Zip Cropped Hoodie Teen Girls Fall Y2K Clothes,4.4,41,45.
ATHMILE,Women's Cute Hoodies Teen Girl Fall Jacket Oversized Sweatshirts Casual Drawstring Zip Up Y2K Hoodie with Pocket,4.6,37,34.
KINLONSAIR,Women Casual Long Sleeve Tunic V-Neck Slim Fit T Shirts Basic Tee Tops Crew Neck Ribbed Knit Solid Shirt,4.2,121,21.
EFAN,Womens Oversized Half Zip Pullover Sweatshirts Hoodie Quarter Zip Tops for Teen Girls Fall Trendy Y2K Clothes,4.1,"1,236",21.
BTFBM,Women Waffle Knit Shirts V-Neck Long Sleeve Casual Slouchy Loose Blouses Plain Faux Button Lightweight Pullover,4.1,"4,590",10.
ANRABESS,Women's Short Overalls Summer Casual Adjustable Strap Loose Linen Short Bib Overalls Jumpsuit Rompers,4.3,810,39.
AUTOMET,Women's Casual Sleeveless Shorts Jumpsuits with Pockets,4.1,"1,109",34.
Trendy Queen,Two Piece Outfits Women Summer Shorts Sets 2 Piece Sleeveless Matching Lounge Crop Top and High Waisted Shorts,4.1,294,29.
VICHYIE,Women Tank Tops Summer Sleeveless Basic Cami Top Shirt Slim Knit Ribbed Racerback Blouses,4.5,"25,777",21.
ANRABESS,Women 2 Piece Outfits Sweatsuit Oversized Sweatshirt & Lounge Shorts 2023 Casual Cozy Pajamas Tracksuit Set,4.5,132,34.
Yanekop,Womens Waffle Knit Shacket Boyfriend Shirt Jacket Button Down Blouse Loose Fit Long Sleeve Tops,4.3,"2,116",28.
WYNNQUE,Womens Quarter Zip Pullover Cropped Hoodies Long Sleeve Fleece Half Zip Sweatshirts Fall Outfits Clothes,4.6,37,35.
Samefar,Womens Tops Dressy Casual Pleated Crew Neck Long Sleeve Shirts Office Work Chiffon Blouses,4.5,25,25.
MakeMeChic,Women's Casual Drawstring Waist Sweat Shorts Running Track Shorts,4.4,"3,522",19.
ODODOS,Women's Bootcut Yoga Pants Tummy Control Non See Through Bootleg Gym Workout Pants,4.4,"8,304",16.
OQQ,Women's 2 Piece Bodysuits Sexy Ribbed Sleeveless High Neck Tank Tops Bodysuits,4.5,18,39.
ETCYY,Womens Summer Tops 2023 Casual Dressy Short Cap Sleeve Shirts Pleated Fashion Floral Print Chic Hollow Loose Fit Cute Tops,4.1,304,36.
OQQ,Women's 2 Piece Yoga Legging Seamless Workout High Waist Butt Liftings Athletic Leggings,4.7,26,32.
Halife,Women's Long Sleeve Boat Neck Off Shoulder Blouse Tops,4.3,"19,780",23.
Saloogoe,Sweatshirts for Women Crewneck Cable Knit Sleeve Sweaters Lightweight Fashion 2023,4.6,53,21.
AUTOMET,Womens 2 Piece Outfits Lounge Hoodie Sweatsuit Sets Oversized Sweatshirt Baggy Fall Fashion Sweatpants with Pockets,4.2,25,24.
BTFBM,Women's Casual V Neck Ribbed Knitted Shirts Pullover Tunic Tops Loose Balloon Sleeve Solid Color Blouses Top,4.3,"3,558",27.
AYWA,Casual Workout Sets Two Piece Outfits for Women Ribbed Crop Tank Top High Waist Leggings Active Wear,4.3,"1,402",23.
Dokotoo,Women 6 Pockets High Waisted Cargo Pants Wide Leg Casual Pants Combat Military Trouser US 4-18,4.3,640,28.
AUTOMET,Women’s Casual Baggy Fleece Sweatpants High Waisted Joggers Pants,4.0,"2,668",23.
XBTCLXEBCO,Women Sexy Low Cut Tank Top Ruched Bandage Camisloe Side Split Mini Y2k Tops Cropped Bustier Vest Going Out,2.6,20,24.
SMIDOW,Womens Fall Fashion 2023 Dressy Casual 3/4 Sleeve Tunic Tshirt Shirts Loose Comfy Solid Crewneck Tops Blouses,4.6,3,39.
softome,Women's 2 Piece Outfits Sweater Set Long Sleeve 1/4 Zip Knit Pullover Top Casual Pants Tracksuit Matching Lounge Sets,4.6,"6,197",34.
YSense,5 Pairs Womens Wool Socks Thick Knit Warm Winter Socks for Women Cozy Comfy Socks,4.2,"5,488",26.
Waitfairy,Womens Winter High Waisted Sweatpants Drawstring Jogger Sweat Pants Cinch Bottom Workout Trousers,4.4,"3,463",39.
Langwyqu,Womens' Oversized Crewneck Long Sleeve Casual Loose Pullover Tops,4.4,"7,749",32.
Porvike,Sports Crop Tank Tops for Women Cropped Workout Tops Racerback Running Yoga Tanks Cotton Sleeveless Gym Shirts 3 Pack,4.1,781,17.
Jumppmile,Womens V Neck Waffle Knit Cropped Top Long Sleeve Pullover Crop Sweater,4.3,"8,694",7.
KINLONSAIR,Women’s Long Sleeve Henley T Shirts Button Down Slim Fit Tops Scoop Neck Ribbed Knit Shirts,4.1,"2,362",45.
Deerludie & T,Womens Scoop Neck Ribbed Tank Tops Low Cut Solid Sexy Summer Sleeveless Henley Tees Shirts,4.6,49,9.
UEU,Women's Casual Loose Harem Yoga Pants Elastic High Waist Lounge Comfy Pajama with Pockets,4.5,17,29.
Pinspark,Women's Fleece Lined Sweatpants 2023 Winter Joggers Athletic Pants Casual Thick Warm Trousers Pockets,3.9,164,29.
IMEKIS,Women's Workout Sets 2 Piece Yoga Outfit High Waisted Biker Shorts Leggings Sports Bra Gym Fitness Clothes Tracksuit,3.9,69,20.
OQQ,Women's 3 Piece Tops Seamless Workout Exercise Adjustable Spaghetti Strips Shirts Yoga with Sports Bra Crop Tops,4.0,"1,718",28.
Dokotoo,Womens Color Block Button Down Shirts Long Sleeve Oversized Boyfriend Blouses Tops,4.3,76,17.
SuperPrity,Women Sweater Set 2 or 3 Piece Outfits Short/Long Sleeve Knit Pullover Tops High Waist Wide Leg Pants Lounge Sets,4.4,"7,749",16.
Porvike,Sports Crop Tank Tops for Women Cropped Workout Tops Racerback Running Yoga Tanks Cotton Sleeveless Gym Shirts 3 Pack,4.5,132,25.
ANRABESS,Women 2 Piece Outfits Sweatsuit Oversized Sweatshirt & Lounge Shorts 2023 Casual Cozy Pajamas Tracksuit Set,4.5,"9,286",32.
AJISAI,Women's Joggers Pants Drawstring Running Sweatpants with Pockets Lounge Wear,4.6,"3,604",25.
TBMPOY,Womens UPF 50+ Sun Protection Hoodie Shirt Long Sleeve Fishing Hiking Outdoor UV Shirt Lightweight,4.4,867,31.
Dokotoo,Womens Waffle Knit Shacket Jacket Casual Long Sleeve Button Down Shirts Dressy Blouses Tops,4.6,55,27.
SHEWIN,Womens Waffle Knit Plaid Shacket Boyfriend Button Down Shirt Jacket Loose Long Sleeve Tops,3.5,"2,051",49.
ZAFUL,Women's Underwire Bikini Floral High Cut Bikini Set V-Wired Two Piece Swimsuit Bathing Suit,4.6,38,20.
OQQ,Women's 2 Piece Yoga Leggings Ribbed Seamless Workout High Waist Cross Over Athletic Exercise Leggings,4.1,53,39.
Trendy Queen,Womens Oversized Sweatshirts Sweaters Casual Pullover Loose Long Sleeve Tops Shirts Fashion Fall Clothes 2023,3.8,490,31.
NUFIWI,Women Cute Graphic Print Crop Top T-Shirt Aesthetic Short Sleeve Tee Tops Y2k E Girl Clothing,4.2,"1,503",22.
SHEWIN,Women's Casual Zip Up Hoodie Jacket Long Sleeve Drawstring Hooded Sweatshirt with Pocket,4.5,"2,172",27.
EFAN,Womens Oversized Sweatshirts Hoodies Fleece Crew Neck Pullover Sweaters Casual Comfy Fall Fashion Outfits Clothes 2023,4.4,"1,171",27.
EFAN,Womens Oversized Hoodies Sweatshirts Fleece Hooded Pullover Tops Sweaters Casual Comfy Fall Fashion Outfits Clothes 2023,4.4,689,17.
BAIGRAM,Women’s Sleeveless Slim Crop Tank Top Sexy Pleated Bustier Sweetheart Neck Strappy Slits Cropped Vest Cami,4.2,"5,488",30.
Darong,Women's Long Sleeve Mock Neck Slim Fit Solid Crop Top Y2K Tight T Shirts Blouses with Oversleeve,4.3,"2,116",27.
Waitfairy,Womens Winter High Waisted Sweatpants Drawstring Jogger Sweat Pants Cinch Bottom Workout Trousers,4.4,18,15.
Yanekop,Womens Waffle Knit Shacket Boyfriend Shirt Jacket Button Down Blouse Loose Fit Long Sleeve Tops,4.4,"5,119",19.
GOFULY,Tee Shirts Womens Fall Ethnic Floral Baggy Bohemian Tops Long Sleeve Henley Neck V Neck Button Down Shirts Sweatshirt,4.4,950,35.
AUTOMET,Women‘s 2 in 1 Flowy Running Shorts Casual Summer Athletic Shorts,3.9,121,25.
ZESICA,Women's 2023 Summer Crochet Hollow Out Long Sleeve Beach Bikini Swimsuit Mesh Cover Up Tunic Top,4.4,27,20.
Meladyan,Women Sexy Pleated Ruched Crop Tank Top Blue Square Neck Strappy Sleeve Cropped Vest Cami Shirt Clubwear,3.7,393,19.
PGANDS,Women's Hoodies Half Zip Fleece Sweatshirts Long Sleeve Lined Collar Zipper Loose Casual Hooded Pullover Tops,4.2,"1,763",29.
FOMOYUU,Women's Slim Fit Going Out Crop Tops Casual Solid Color Crew Neck Long Sleeve Tight Tee Shirt Basic Streetwear,3.9,19,36.
Dokotoo,Womens 2023 Cute Summer Fall Color Block Striped Lightweight Comfy Cable Knit Beach Pullover Sweaters,4.3,986,14.
Locoowai,2 Pack Women Straight Leg Sweatpants Drawstring Elastic Waist Baggy Wide Leg Pants Casual Joggers with Pockets,4.4,"1,124",14.
PRETTYGARDEN,Women's Pullover Sweater Casual Long Sleeve Crewneck Loose Chunky Knit Jumper Tops,4.7,144,33.
ODODOS,"Cross Waist Yoga Leggings for Women with Pockets, Non See-Through Crossover Workout Running Yoga Pants",4.4,"2,003",20.
EFAN,Womens Oversized Sweatshirts Pullover Hoodies Fleece Sweaters Long Sleeve With Pockets Winter Fall Outfits Y2k Clothes,4.3,"81,691",24.
Trendy Queen,Womens Zip Up Hoodies Long Sleeve Sweatshirts Fall Outfits Oversized Sweaters Casual Fashion Jackets,3.9,722,16.
Gloria Vanderbilt,Women's Classic Amanda High Rise Tapered Jean,4.4,27,34.
MakeMeChic,Women's Casual 4 Pieces Solid Ribbed Knit Crop Tank Tops Vest Pack,5.0,6,29.
LILLUSORY,Womens Rib Knit Wide Leg Pants 2023 Elastic Waist Casual Flowy Sweater Pants,4.4,49,41.
Generic,Workout Tops for Women Solid Long Sleeve Womens Shirts Buttons Ribbed Knit Girls Sweatshirt Irregular Hem Crewneck Womens Fall Tops Trending Fall Clothes for Women 2023 Wine XL,4.2,"3,077",24.
Trendy Queen,Womens Oversized Sweatshirts Turtleneck Pullover Y2k Cute Trendy Hoodies Teen Girl Preppy Winter Fall Clothes for Women 2023,4.0,"1,517",32.
ZESICA,Women's 2023 Long Sleeve Square Neck Shirts Fall Clothes Slim Fitted Ribbed Knit Sweater Casual Basic Tee Tops,3.9,70,32.
Dokotoo,Womens Casual Sleeveless Shirts Halter Neck Leopard Print Tank Top and Blouses,4.4,34,14.
Dokotoo,Womens Crewneck Crochet Lace Long Sleeve Hollow Out Cable Knit Pullover Sweaters Tops,4.3,"9,241",29.
Vetinee,2 Piece Outfits for Women Summer Textured Crop Tops and Elastic Wasit Flowy Shorts Skort Set Two Piece Sets,4.6,57,23.
SHEWIN,Womens Sweatshirt Casual Long Sleeve Lightweight Sweatshirts Button Loose Pullover Tops,3.7,251,15.
OQQ,Workout Outfits for Women 2 Piece Seamless Ribbed High Waist Leggings with Sports Bra Exercise Set…,4.5,29,25.
ZESICA,Women's 2023 Fall Fashion Turtleneck Long Sleeve Striped Ribbed Knit Loose Pullover Sweater Tops,4.6,57,30.
Trendy Queen,Womens V Neck Lace Crochet 2023 Fall Long Sleeve Shirts Sexy Casual Fashion Clothes Tunic Tops Loose Blouses,3.5,178,18.
Generic,Oversized Sweatshirt for Women Drop Shoulder Long Sleeve Pullovers 1/2 Zipper Printing Sweater Casual Design Blouse,4.0,22,39.
REORIA,Women’s Sexy Casual Square Neck Short Sleeve Double Lined Tight T Shirts Crop Tops Tees,4.4,24,32.
AUTOMET,Womens Shackets Waffle Knit Casual Jackets Button Down Flannel Shirts Dressy Tops Fall Clothes 2023 Fashion Outfits,4.3,"1,036",29.
SOLILOQUY,Women Y2K Mini Dress Spaghetti Strap Bodycon Sundress Vintage Ruched Beach Short Dress Harajuku E-Girls 90S Streetwear,3.7,"3,613",29.
DealinM,Hoodies for Women Long Sleeve Zip Up Y2k Clothes Drawstring Oversized Jackets Casual Loose Sweatshirts with Pockets,4.6,"12,454",46.
Trendy Queen,Womens Oversized Sweatshirts Half Zip Pullover Long Sleeve Quarter Zip Hoodies Teen Girls Fall Y2K Clothes,3.7,393,28.
SAUKOLE,Womens Sweaters Casual Crew Neck Fashion Wide Ribbed Cuff Knit Tunic Pullover Oversized Solid Jumper Tops Side Split,5.0,1,13.
ODODOS,Women's Athletic Tennis Skorts with Pockets Built-in Shorts Golf Active Skirts for Sports Running Gym Training,4.6,38,14.
Dokotoo,Womens Fashion Casual Drawstring Elastic Waist Cotton Jogging Jogger Pants with Pockets,4.4,42,32.
REORIA,Women’s Sexy Sleeveless Racer Back Tank Tops Halter Neck Crop Tops,4.5,740,19.
SNKSDGM,Women Fuzzy Fleece Jackets 2023 Fall Winter with Hood Zipper Thick Sherpa Lined Snow Hoodies Coat Outwear with Pocket,4.4,"7,749",9.
FOMOYUU,Women's Slim Fit Going Out Crop Tops Casual Solid Color Crew Neck Long Sleeve Tight Tee Shirt Basic Streetwear,4.4,"5,060",34.
Ssuyeuri,Quarter Zip Pullover Women Scuba Dupes Sweatshirt with Pocket Y2K Half Zip Fall Outfits 2023 Fleece Winter Clothes,4.4,"16,292",37.
REORIA,Women’s Sexy Halter Neck V Hem Double Lined Seamless Backless Sleeveless Going Out Trendy Crop Tank Tops,4.3,"16,475",21.
LILLUSORY,Women's Half Zip Sweater 2023 Fall Oversized V Neck Fuzzy Knit Chunky Warm Pullover Sweaters,4.6,7,28.
THE GYM PEOPLE,Womens' Half Zip Pullover Fleece Stand Collar Crop Sweatshirt with Pockets Thumb Hole,4.9,12,23.
Porvike,Sports Crop Tank Tops for Women Cropped Workout Tops Racerback Running Yoga Tanks Cotton Sleeveless Gym Shirts 3 Pack,4.6,9,19.
Blaosn,Flowy Athletic Shorts for Women Gym Yoga Workout Running Biker Spandex Butterfly Tennis Skirts Cute Clothes Summer,4.2,602,16.
OQQ,3 Piece for Women Yoga Shorts Workout Athletic Seamless High Wasit Gym Leggings,4.2,"1,776",2.
NELEUS,High Waist Running Workout Leggings for Yoga with Pockets,4.1,36,19.
GIGILAUGH,Shapewear Bodysuit for Women Tummy Control Thong Bodysuits,4.2,964,36.
Onedreamer,Womens Pullover Sweater Dot Pointelle Sides Sweater Shirt Long Batwing Balloon Sleeve Pullover Tops Winter Blouse,4.2,63,38.
QACOHU,Womens Summer V Neck Ruffle Short Sleeve Simple Solid Color Casual Dress,4.3,76,20.
QUALFORT,Women's Sweater 100% Cotton Soft Knit Pullover Sweaters,4.4,"7,749",24.
WEESO,Puff Sleeve Tops for Women Fashion Crewneck Sweatshirts,4.5,"11,621",29.
BZB,Long Sleeve Tops for Women Square Neck Fall Tunic Sweaters Trendy 2023 S-2XL,4.4,"5,060",37.
Levi's,Women's Premium Ribcage Straight Ankle Jeans,4.5,205,19.
OQQ,Women's 2 Piece Yoga Pants Ribbed Seamless Workout High Waist Bell Bottoms Flare Leggings,4.1,76,26.
SuperPrity,Women Sweater Set 2 or 3 Piece Outfits Short/Long Sleeve Knit Pullover Tops High Waist Wide Leg Pants Lounge Sets,4.3,"2,495",34.
Porvike,Sports Crop Tank Tops for Women Cropped Workout Tops Racerback Running Yoga Tanks Cotton Sleeveless Gym Shirts 3 Pack,4.1,"2,012",27.
QINSEN,Workout Outfits for Women 2 Piece Ribbed Seamless Crop Tank High Waist Yoga Leggings Sets,4.7,70,21.
Blaosn,Flowy Athletic Shorts for Women Gym Yoga Workout Running Biker Spandex Butterfly Tennis Skirts Cute Clothes Summer,4.0,50,24.
Generic,Oversized Sweatshirt for Women Half Zipper Floral Print Tops Long Sleeve Drop Shoulder Shirts Tunic Loose Blouses,4.1,"5,015",69.
Kissfix,Women's Cute Hoodies Y2K Teen Girl Fall Jacket Oversized Sweatshirts Casual Drawstring Zip Up Hoodie Pocket,4.5,183,36.
Dokotoo,Womens Oversized Waffle Knit Crewneck Sweatshirts Long Sleeve Side Slits Casual Pullover Sweatshirt Tops,4.5,"1,009",49.
Kindcall,Lightweight Basic Crop Tops Slim Fit Long Sleeve Workout Shirts for Women,4.1,657,24.
BTFBM,Women 2023 Summer Sleeveless Casual Crewneck Bodycon Tank Dress Cutout Twist Slim Wrap Club Party Evening Dresses,4.4,14,35.
ATHMILE,Oversized Sweatshirt for Women Crewneck Fleece Long Sleeve Pullover Hoodies Tops Fall Fashion Outfits Clothes 2023,4.4,387,24.
Milumia,Women's Casual Multi Striped Ribbed Short Sleeve Solid Tee Knit Top Red and White Small,4.2,63,13.
Kenvina,Fall Clothes for Women 2023 Work Long Sleeve Crew Neck Sweatshirts Print Hide Belly Tops Vintage Fashion Sweatshirt,4.5,54,29.
AUTOMET,Women's Cinch Bottom Sweatpants High Waisted Athletic Joggers,3.7,954,25.
AUTOMET,Womens Zip Up Hoodies Long Sleeve Fall Oversized Sweatshirts Fleece Y2K Jacket with Pockets,4.2,632,12.
ZESICA,Women's 2023 Casual Turtleneck Long Lantern Sleeve Oversized Ribbed Knit Pullover Sweater Jumper Top,3.9,374,31.
LINY XIN,Women's Turtleneck 100% Merino Wool Fall Winter Long Sleeve Warm Soft Knitted Pullover Sweater Tops,4.4,17,22.
FV RELAY,Women's Long Sleeve Ruched Bodycon Mini Dress Elegant Cocktail Wedding Guest Dress,4.5,20,16.
JUNBOON,Women’s Casual Leopard Print Knitted Pullover Sweaters Long Sleeve Crew Neck Jumper Tops,4.3,266,16.
OQQ,Women's 2 Piece Yoga Pants Ribbed Seamless Workout High Waist Bell Bottoms Flare Leggings,4.8,28,26.
Trendy Queen,Womens Zip Up Hoodies Cropped Sweatshirts Fall Outfits Casual Hooded Pullover Sweaters Tops Winter Clothes 2023,4.5,31,32.
Panadila,Womens Summer Sleeveless Mini Dress V Neck Spaghetti Strap Sundress Athletic Short Dress with Pockets,4.3,896,45.
EFAN,Womens Tube Tops Summer Twist Knot Front Knit Bandeau Strapless Ribbed Sleeveless Y2K Crop Tank Corset Top,4.5,"8,910",39.
Dokotoo,Womens 2023 Fashion Spring Lapel Collar Buttons Blazer Jackets for Women Business Casual,4.1,"1,044",26.
BQDCQB,Women Striped Pullover Sweater Polo V Neck Casual Loose Color Block Lightweight Long Sleeve Knitted Fall Tops,4.5,328,30.
Ficerd,3 Pcs Women's Joggers Pants Casual Soft Sweatpants Lounge Pants High Waisted Athletic Joggers with Pockets,4.3,578,36.
Jollycode,Women's Cable Knit V Neck Sweaters Casual Long Sleeve Pullover Striped 2023 Trendy Loose Preppy Jumper Top,4.0,"1,420",36.
Dokotoo,Womens Crop Tops Casual Long Sleeve Shirts Waffle Knit Cropped Sweatshirts Pullover Sweater,3.1,32,32.
Dokotoo,Women's Casual Crew Neck Long Sleeve Pullover Knit Sweaters Jumper Tops,3.2,62,17.
AUTOMET,Womens Jumpsuits Unitard Bodysuits One Piece Shorts Rompers Yoga Sleeveless Backless Seamless Bodycon Outfits 2023,4.3,29,49.
Generic,Women's Game Day Sweatshirt Football Grapic Long Sleeve Shirt Football Season Pullover Tops Fall Sport Sweatshirts,4.3,"3,124",26.
BMJL,Women's Athletic Shorts High Waisted Running Shorts Pocket Sporty Shorts Gym Elastic Workout Shorts,4.4,"3,304",39.
AUTOMET,Women's Casual Baggy Fleece Sweatpants,4.5,206,36.
REORIA,Women’s Sexy One Shoulder Double Lined Seamless Backless Sleeveless Going Out Trendy Crop Tank Tops,4.7,134,24.
Arach&Cloz,Women's Spring Summer Tops 2023 Fashion V Neck Short Sleeve Pullover Knitted Casual Fall Sweater,4.5,37,27.
SNKSDGM,Womens Christmas Tree Plaid Long Sleeve Party Christmas Sweatshirt Round Neck Funny Pullovers Tops Tshirt,3.9,"3,476",29.
Dokotoo,Women's Casual V Neck Ruffle Sleeve Summer Tank Tops Shirts,4.4,"5,060",7.
sdhienbb,Fieogreh Wide Leg Linen Pants for Women Summer Straight Leg High Waist Casual Outfits Plus Size with Pocket,4.7,20,26.
NUFIWI,Y2K Lace Patchwork Spaghetti Strap Mini Dress V Neck Ruffles Sweet Sundress Vintage Aesthetic Dark Academia Streetwear,4.4,224,32.
SNKSDGM,Womens Trendy Graphic Print Hoodies Long Sleeve Buttons Hooded Sweatshirt Loose Comfy Pullover Fall Y2K Clothes,4.6,66,19.
OQQ,Women's 3 Piece Crop Tops Long Sleeve Round Neck Stretch Fitted Underscrubs Shirts Crop Tops,4.5,64,32.
AUTOMET,Womens Sweat Shorts Casual Summer Athletic Shorts Elastic Comfy Shorts High Waist Shorts Fall Fashion Clothes 2023,4.4,"6,258",15.
ANRABESS,Women's Turtleneck Oversized 2023 Long Batwing Sleeve Spilt Hem Knit Tunic Pullover Sweater Tops,5.0,4,22.
ANRABESS,Oversized Sweatshirt for Women Fleece Long Sleeve Crewneck Casual Pullover Top Fall 2023 Trendy Clothes,4.1,493,12.
DealinM,Womens Hoodies Drawstring Zip Up Y2k Clothes Oversized Long Sleeve Jackets Casual Loose Sweatshirts with Pockets,5.0,9,15.
Renotemy,Baby Girl Clothes Toddler Girl Clothes Outfits Infant Clothing Floral Pants Set Cute Clothes Set for Girls,4.4,"7,749",17.
LILLUSORY,Women's Long Knit Casual Cardigan Sweaters Oversized Dressy Jackets Fall Button Up Coatigan Winter Coats,4.2,"32,229",34.
AUTOMET,Womens High Waisted Athletic Shorts Elastic Casual Summer Running Shorts Quick Dry Gym Workout Shorts,4.5,"9,286",19.
Blaosn,Flowy Athletic Shorts for Women Gym Yoga Workout Running Biker Spandex Butterfly Tennis Skirts Cute Clothes Summer,4.3,"2,728",36.
LOGENE,Women's Cardigan Sweater Casual Lapel Open Front Long Jackets Fall Winter Wool Coat 2023 Trench Clothes,4.3,"20,153",26.
UYISJ,Fall Tops for Women Dressy Causal Ruched V Neck Long Sleeve Tee Shirts with Button Decor Winter Basic Pullover Tunics,4.2,"1,230",15.
ANRABESS,Women's Long Sleeve Sweatshirt Casual Crewneck Loose Fit Pullover Hoodie Fleece Fall Tops,4.2,"2,224",15.
EFAN,Womens Sweatshirts Long Sleeve Crew Neck Pullover Sweatshirt Casual Outfits 2023 Fall Clothes,4.4,9,47.
EVALESS,Sweaters for Women Fashion 2023 Crewneck Batwing Sleeve Oversized Side Slit Ribbed Knit Pullover Sweater Tops,3.5,24,15.
OFEEFAN,Sweatshirts for Women Crew Neck Long Sleeve Plain Fashion Casual Tops,4.1,"1,165",24.
OCLUN,2023 Giong Out Tops Shirts Fall Womens Geometric Color Block Long Sleeve Blouse Shirts Crew Neck Loose Tunic Top,4.5,76,41.
BTFBM,Women's Satin Button Down Shirts Roll Up Long Sleeve Lapel V Neck Loose Casual Work Summer Fall Blouse Tops 2023,4.3,76,11.
YUTANRAL,Fall Tops for Women 2023 Trendy Plus Size Sweatshirt Pullover Fashion Casual Long Sleeve Shirts Clothes,4.4,"7,749",25.
Porvike,Sports Crop Tank Tops for Women Cropped Workout Tops Racerback Running Yoga Tanks Cotton Sleeveless Gym Shirts 3 Pack,4.3,"15,087",32.
NELEUS,Women's 3 Pack Compression Base Layer Dry Fit Tank Top,4.5,740,28.
AJISAI,Women's Joggers Pants Drawstring Running Sweatpants with Pockets Lounge Wear,4.4,"5,841",24.
PRETTYGARDEN,Women's Two Piece Outfit Sleeveless Crewneck Tops with Sweatpants Active Tracksuit Lounge Wear,4.2,17,18.
THE GYM PEOPLE,"Women's Joggers Pants Lightweight Athletic Leggings Tapered Lounge Pants for Workout, Yoga, Running",3.5,99,28.
LYANER,Women's Frill Mock Neck Flounce Long Sleeve Solid Blouse Office Shirt Top,4.6,324,13.
KUYIGO,Mens Short Sleeve Henleys T-Shirts Buttons Placket Plain Cotton Shirts,3.9,286,20.
StunShow,Women's Pullover Sweater Side Slit Casual Long Sleeve Oversized Sweater 2023 Fall (S-3XL),4.1,42,21.
Akivide,Boho Ethnic Floral Short Sleeve Tunic Shirts for Women Summer Dressy Casual Cold Shoulder Button Blouse Top,3.5,214,31.
SAUKOLE,Womens Corduroy Button Down Shirts Color Block Long Sleeve Blouses Tops Jackets,4.0,65,39.
AUTOMET,Womens Zip Up Cropped Hoodies Fleece Oversized Sweatshirts Full Zipper Jackets Y2k Fall Clothes 2023 Fashion Outfits,4.1,"1,505",29.
SNKSDGM,Womens Trendy Graphic Print Hoodies Long Sleeve Buttons Hooded Sweatshirt Loose Comfy Pullover Fall Y2K Clothes,3.0,1,34.
SuperPrity,Women Sweater Set 2 or 3 Piece Outfits Short/Long Sleeve Knit Pullover Tops High Waist Wide Leg Pants Lounge Sets,4.0,"1,848",39.
Porvike,Sports Crop Tank Tops for Women Cropped Workout Tops Racerback Running Yoga Tanks Cotton Sleeveless Gym Shirts 3 Pack,4.8,"29,448",39.
Mippo,Workout Tops for Women Yoga Tank Tops Muscle Tank Athletic Shirs Workout Clothes,4.1,"2,035",24.
THE GYM PEOPLE,Womens' Half Zip Pullover Fleece Stand Collar Crop Sweatshirt with Pockets Thumb Hole,4.7,49,12.
Miusey,Womens Sleeveless Round Neck Loose Fit Racerback Yoga Tank Top,4.6,"6,311",35.
PIDOGYM,"Mens Outfits Short Sets 2 piece, Tracksuits for Men Sports Shirts and Shorts Summer Fashion Casual Short Sleeve",4.1,416,25.
SweatyRocks,Women's Sleeveless Ribbed Knit Spaghetti Strap Crop Cami Tank Top,4.1,352,37.
OQQ,Women's 3 Piece Tank Tops Ribbed Seamless Yoga Shirts Workout Exercise Racerback Crop Tops,4.1,"20,088",34.
ANRABESS,Womens 2 Piece Outfits Linen Square Neck Crop Short Set Lounge Matching Sets 2023 Trendy Clothes Beach Summer,4.6,"6,197",17.
DealinM,Womens Hoodies Drawstring Zip Up Y2k Clothes Oversized Long Sleeve Jackets Casual Loose Sweatshirts with Pockets,4.4,"38,731",49.
Milumia,Girl's 2 Pack Ruched Knot Side Round Neck Sleeveless Basic Crop Tank Tops,5.0,4,20.
AUTOMET,Womens Baggy Cargo Pants y2k Jeans Low Waist Parachute Pants Teen Girls Wide Leg Trousers Trendy Clothes Hiking Pants,3.0,39,19.
Dokotoo,Womens Plaid Shacket Jacket Long Sleeve Button Down Fleece Hooded Jackets Warm Coat,4.4,"28,097",38.
BTFBM,Women Casual Boho Floral Blouse Shirts V Neck Long Puff Sleeve Lightweight Chiffon Spring Summer Fashion 2023 Tops,4.3,58,26.
GIGILAUGH,Women's Bodysuits High Neck Bodysuit Tank Tops Sleeveless Bodysuit for Women,4.3,131,27.
HBER,Women Patchwork Jeans High Waisted Straight Leg Stretch Denim Pants Girls Fashion Color Block Patch Jeans,4.7,"3,601",25.
Synrroe,"Synrroe Muslin Burp Cloths 4 Pack Large 20"" by 10"" 100% Cotton 6 Layers Extra Absorbent and Soft",5.0,4,22.
BEJONS,Women Crop Tank Top Sexy Square V Neck Double Lined Ruched Corset Cute Cropped Sleeveless Cami Summer Outfit Going Out Top,4.2,"5,575",25.
ANRABESS,Women's Oversized Fleece Hoodies Casual Pullover Sweatshirts Fall Fashion 2023 Clothes Trendy Y2k Outfits,4.4,"2,750",15.
UYISJ,Fall Tops for Women Dressy Causal Ruched V Neck Long Sleeve Tee Shirts with Button Decor Winter Basic Pullover Tunics,4.6,"1,701",25.
LOOKFACE,Women Cute T Shirt Junior Tops Teen Girls Graphic Tees,4.5,38,37.
LOGENE,Women's Cardigan Sweater Casual Open Front Jackets Knitted Sweater 2023 Fall Winter Trench Coat Clothes,4.2,163,45.
Fisoew,Womens Oversized Long Sleeve Button Down Shirt Jacket Soft Comfy Casual Shacket Coats with Pockets,4.0,"15,844",26.
Jescakoo,Women's Short Sleeve Round Neck T Shirt Front Twist Tunic Tops Casual Loose Fitted,4.0,170,22.
YSense,5 Pairs Womens Wool Socks Thick Knit Warm Winter Socks for Women Cozy Comfy Socks,4.3,"4,849",39.
RUNNING GIRL,"Sports Bra for Women, Criss-Cross Back Padded Strappy Sports Bras Medium Support Yoga Bra with Removable Cups",4.1,"13,568",9.
OCLUN,2023 Giong Out Tops Shirts Fall Womens Geometric Color Block Long Sleeve Blouse Shirts Crew Neck Loose Tunic Top,4.2,"2,759",17.
SHAOBGE,Fall Pants for Women Summer High Waisted Wide Leg Pants Casual Elastic Waist Palazzo Pants Beach Pants with Pockets,4.3,"2,066",32.
ANRABESS,Womens Turtleneck Oversized Sweater 2023 Long Batwing Sleeve Asymmetric Hem Casual Knit Pullover Tunic Sweater,4.5,25,11.
Trendy Queen,Womens Quarter Zip Pullover Oversized Sweatshirts Pockets Half Zip Hoodies Crewneck Fall Clothes Teen Girls,4.5,863,13.
THE GYM PEOPLE,Women's Cross Back Sports Bra Halter Neck Workout Crop Tank Tops with Removable Pads,3.9,283,39.
Fullfamous,Baby Girl's 3pc Rib Frill Long Sleeve Romper and Pant Set,4.2,"2,750",39.
DealinM,Hoodies for Women Long Sleeve Halloween Drawstring Jackets Zip Up Oversized Sweatshirts Dressy Y2k Coat with Pocket,4.1,21,23.
YINGISFITM,Toddler Baby Boy Fall Clothes Long Sleeve Checkerboard Block Crewneck Sweatshirt Top Pants Winter Outfit Set,4.1,304,9.
OYOANGLE,Women's Colorblock Long Sleeve Square Neck Top Rib Knit Crop Tee Shirts,4.1,"3,122",21.
NEYOUQE,Womens Color Block Loose Long/Short Sleeve T Shirts Casual Comfy Tops Tee Shirt Women's Tunics,4.6,37,18.
OQQ,Women's 3 Piece Medium Support Crop Top Seamless Ribbed Removable Cups Workout Yoga Sport Bra,4.3,"6,094",14.
ANRABESS,Women's Summer Casual Sleeveless Rompers Loose Spaghetti Strap Shorts Jumpsuit with Pockets,4.3,"15,087",29.
OFEEFAN,Womens Tunic Tops Long Sleeve Shirts Crew Neck Sweatshirts Curved Hem,4.3,"20,153",29.
Allimy,Women Summer Casual V Neck Textured Blouses Loose Short Sleeve Tops,4.0,"1,160",21.
Kenvina,Womens Fall Fashion 2023 Tie Dye Drop Shoulder Sweatshirt Hide Belly Long Sleeve Pullovers Casual Vintage Pullover,4.4,"7,749",20.
